Time (%),Total Time (ns),Instances,Avg (ns),Med (ns),Min (ns),Max (ns),StdDev (ns),Name
33.5,2813695348,42900,65587.3,34160.0,992,519168,73592.3,masked_row_copy
18.6,1563525595,300,5211752.0,5083280.0,3871232,7715168,713450.2,bmm_E2m1_E2m1E2m1_Fp32_Ab16_Bb16_Cb16_t128x32x512u2_s5_et128x32_m256x32x64_c2x1x1_rM_TN_transOut_schedS_biasFp32M_bN_tma_tmaSf_rgTma_clmp_swiGlu_dynB_sm100f
9.3,780136061,300,2600453.5,2544336.0,1961120,3804576,340515.4,bmm_Bfloat16_E2m1E2m1_Fp32_Ab16_Bb16_t128x32x512u2_s4_et128x32_m256x32x64_c2x1x1_rM_TN_transOut_schedS_biasFp32M_bN_rgTma_clmp_dynB_sm100f
5.7,479712769,10725,44728.5,44480.0,23936,55584,5273.3,bmm_E2m1_E2m1E2m1_Fp32_Ab16_Bb16_Cb16_t128x16x256u2_s9_et128x16_m128x16x64_c1x1x1_rM_TN_transOut_schedS_biasFp32M_bN_tma_ldgstsSf_rgTma_clmp_swiGlu_dynB_sm100f
5.4,453966014,11869,38248.0,38688.0,26624,41664,2405.5,nvjet_sm103_tst_64x8_64x16_2x1_v_bz_splitK_TNT
3.3,273657824,10725,25515.9,25664.0,17088,30816,2090.7,bmm_Bfloat16_E2m1E2m1_Fp32_Ab16_Bb16tokFp32_t128x16x256u2_s9_et128x16_m128x16x64_c1x1x1_rM_TN_transOut_schedS_biasFp32M_bN_rgTma_clmp_dynB_sm100f
2.5,208623456,22165,9412.3,8832.0,7584,15456,1392.2,nvjet_sm103_tst_64x8_64x16_4x1_v_bz_splitK_TNT
1.8,153811103,11297,13615.2,13568.0,12992,15072,270.1,nvjet_sm103_tst_128x8_64x12_4x1_v_bz_TNT
1.8,147548160,10725,13757.4,13728.0,9632,23840,1538.8,fused_bookkeeping
1.4,114124800,35199,3242.3,3200.0,1696,14784,567.6,"void cublasLt::splitKreduce_kernel<(int)32, (int)16, int, float, __nv_bfloat16, float, __nv_bfloat16, (bool)0, float, __nv_bfloat16, __nv_bfloat16, (bool)1, (bool)0, (bool)0, (bool)0>(cublasLt::cublasSplitKParams<T6>, const T4 *, const T10 *, T9 *, T5 *, const T6 *, const T6 *, const T11 *, const T4 *, T11 *, void *, long, T6 *, int *, T6 *, T6 *, const T6 *, const T6 *, const T6 *, const T6 *, const T6 *)"
1.2,100945312,294,343351.4,344064.0,336256,349504,2550.3,nvjet_sm103_tst_512x8_64x3_2x1_v_bz_TNT
1.1,90680557,11613,7808.5,7744.0,7264,9728,286.6,"void sm100::fwd::head128::sparse_attn_fwd_kernel<sm100::fwd::head128::KernelTemplate<(int)576>, sm100::fwd::head128::TmaParams<cute::tuple<int, int, int>, cute::TiledCopy<cute::Copy_Atom<cute::Copy_Traits<cute::SM100_TMA_2SM_LOAD_NOSPLIT, cute::C<(int)65536>, cute::AuxTmaParams<cute::tuple<cute::ScaledBasis<cute::C<(int)1>, (int)1>, cute::ScaledBasis<cute::C<(int)1>, (int)0>, cute::ScaledBasis<cute::C<(int)1>, (int)2>>, const cute::Layout<cute::tuple<cute::C<(int)64>, cute::C<(int)64>, cute::C<(int)1>>, cute::tuple<cute::ScaledBasis<cute::C<(int)1>, (int)1>, cute::ScaledBasis<cute::C<(int)1>, (int)0>, cute::ScaledBasis<cute::C<(int)1>, (int)2>>> &, const cute::Swizzle<(int)3, (int)4, (int)3> &>>, cutlass::bfloat16_t>, cute::Layout<cute::tuple<cute::C<(int)1>, cute::tuple<cute::tuple<cute::tuple<cute::C<(int)64>, cute::C<(int)64>>, cute::C<(int)9>>>>, cute::tuple<cute::C<(int)0>, cute::tuple<cute::tuple<cute::tuple<cute::C<(int)64>, cute::C<(int)1>>, cute::C<(int)4096>>>>>, cute::tuple<cute::C<(int)64>, cute::C<(int)576>>>, cute::tuple<int, int, int>, cute::TiledCopy<cute::Copy_Atom<cute::Copy_Traits<cute::SM90_TMA_STORE, cute::C<(int)65536>, cute::AuxTmaParams<cute::tuple<cute::ScaledBasis<cute::C<(int)1>, (int)1>, cute::ScaledBasis<cute::C<(int)1>, (int)0>, cute::ScaledBasis<cute::C<(int)1>, (int)2>>, const cute::Layout<cute::tuple<cute::C<(int)64>, cute::C<(int)64>, cute::C<(int)1>>, cute::tuple<cute::ScaledBasis<cute::C<(int)1>, (int)1>, cute::ScaledBasis<cute::C<(int)1>, (int)0>, cute::ScaledBasis<cute::C<(int)1>, (int)2>>> &, const cute::Swizzle<(int)3, (int)4, (int)3> &>>, cutlass::bfloat16_t>, cute::Layout<cute::tuple<cute::C<(int)1>, cute::tuple<cute::tuple<cute::tuple<cute::C<(int)64>, cute::C<(int)64>>, cute::C<(int)1>>>>, cute::tuple<cute::C<(int)0>, cute::tuple<cute::tuple<cute::tuple<cute::C<(int)64>, cute::C<(int)1>>, cute::C<(int)0>>>>>, cute::tuple<cute::C<(int)64>, cute::C<(int)64>>>>>(SparseAttnFwdParams, T2)"
1.0,82619137,33041,2500.5,2464.0,1280,8736,461.6,"void at::native::index_elementwise_kernel<(int)128, (int)4, void at::native::gpu_index_kernel<void at::native::index_kernel_impl<at::native::OpaqueType<(int)4>>(at::TensorIteratorBase &, c10::ArrayRef<long>, c10::ArrayRef<long>)::[lambda(char *, const char *, long) (instance 1)]>(at::TensorIteratorBase &, c10::ArrayRef<long>, c10::ArrayRef<long>, const T1 &, bool)::[lambda(int) (instance 1)]>(long, T3)"
0.9,76674208,10868,7055.0,6944.0,6560,15712,685.7,nvjet_sm103_tst_64x8_64x16_4x1_v_bz_TNT
0.9,76277694,23079,3305.1,3296.0,2784,4224,162.3,"std::enable_if<T2>(int)0&&vllm::_typeConvert<T1>::exists, void>::type vllm::fused_add_rms_norm_kernel<c10::BFloat16, (int)8, (bool)1>(T1 *, long, T1 *, const T1 *, float, int, int, long)"
0.8,70811521,66523,1064.5,1024.0,768,284064,1113.2,"void at::native::unrolled_elementwise_kernel<at::native::direct_copy_kernel_cuda(at::TensorIteratorBase &)::[lambda() (instance 3)]::operator ()() const::[lambda() (instance 4)]::operator ()() const::[lambda(long) (instance 1)], std::array<char *, (unsigned long)2>, (int)4, TrivialOffsetCalculator<(int)1, unsigned int>, TrivialOffsetCalculator<(int)1, unsigned int>, at::native::memory::LoadWithCast<(int)1>, at::native::memory::StoreWithCast<(int)1>>(int, T1, T2, T4, T5, T6, T7)"
0.8,66695117,32322,2063.5,1824.0,1568,3680,415.8,"void at::native::index_elementwise_kernel<(int)128, (int)4, void at::native::gpu_index_kernel<void at::native::index_put_kernel_impl<at::native::OpaqueType<(int)4>>(at::TensorIterator &, c10::ArrayRef<long>, c10::ArrayRef<long>)::[lambda(char *, const char *, long) (instance 1)]>(at::TensorIteratorBase &, c10::ArrayRef<long>, c10::ArrayRef<long>, const T1 &, bool)::[lambda(int) (instance 1)]>(long, T3)"
0.8,63438246,10868,5837.2,5856.0,4256,7968,485.0,"void moe::dev::routing::routingCustom::routingIndicesBlockKernel<moe::dev::routing::routingCustom::KernelParams<float, __nv_bfloat16, (int)256, (int)8, moe::dev::routing::TopKExpertSelect<moe::dev::routing::SigmoidBiasPreprocess, moe::dev::routing::ScaledSumNormalizePostprocess>>>(T1)"
0.7,62551360,11297,5537.0,5504.0,5184,6688,181.6,nvjet_sm103_tst_128x8_64x12_2x1_v_bz_TNT
0.7,57845312,11297,5120.4,5088.0,4512,6528,234.6,nvjet_sm103_tst_256x8_64x6_2x1_v_bz_NNT
0.6,52585120,24108,2181.2,2176.0,1600,3616,306.1,"void vllm::rms_norm_kernel<c10::BFloat16, (int)8, (int)2, (bool)1>(T1 *, const T1 *, long, long, long, long, long, const T1 *, long, float, int, int)"
0.5,43679776,10868,4019.1,3808.0,2624,7072,806.5,"void moe::dev::finalize::finalizeKernel<moe::dev::finalize::KernelParams<cutlass::bfloat16_t, cutlass::bfloat16_t, (int)4, (bool)1>>(T1)"
0.5,42713121,14847,2876.9,3232.0,1120,4160,804.0,"void vllm::rotary_embedding_kernel<c10::BFloat16, c10::BFloat16, (bool)0>(const long *, T1 *, T1 *, const T2 *, int, long, long, long, int, int, int, long, bool)"
0.4,34946528,11613,3009.3,2944.0,2656,5856,389.1,"void at::native::elementwise_kernel<(int)128, (int)4, void at::native::gpu_kernel_impl_nocast<at::native::direct_copy_kernel_cuda(at::TensorIteratorBase &)::[lambda() (instance 3)]::operator ()() const::[lambda() (instance 12)]::operator ()() const::[lambda(c10::BFloat16) (instance 1)]>(at::TensorIteratorBase &, const T1 &)::[lambda(int) (instance 1)]>(int, T3)"
0.3,28532416,10725,2660.4,2656.0,2272,3136,89.9,"void moe::dev::routing::routingCustom::routingIndicesBlockKernel<moe::dev::routing::routingCustom::KernelParams<__nv_bfloat16, __nv_bfloat16, (int)128, (int)8, moe::dev::routing::TopKExpertSelect<moe::dev::routing::NoOpPreprocess, moe::dev::routing::SoftmaxPostprocess>>>(T1)"
0.3,26944800,11458,2351.6,2272.0,1184,10560,562.7,"void at::native::unrolled_elementwise_kernel<at::native::direct_copy_kernel_cuda(at::TensorIteratorBase &)::[lambda() (instance 3)]::operator ()() const::[lambda() (instance 7)]::operator ()() const::[lambda(float) (instance 1)], std::array<char *, (unsigned long)2>, (int)4, TrivialOffsetCalculator<(int)1, unsigned int>, TrivialOffsetCalculator<(int)1, unsigned int>, at::native::memory::LoadWithCast<(int)1>, at::native::memory::StoreWithCast<(int)1>>(int, T1, T2, T4, T5, T6, T7)"
0.3,26917247,11613,2317.9,2080.0,1408,9056,534.9,"void vllm::act_and_mul_kernel<c10::BFloat16, __nv_bfloat162, &vllm::silu_kernel<c10::BFloat16>, &vllm::packed_silu_kernel<__nv_bfloat162>, (bool)1, (bool)1, (bool)0, (bool)0>(T1 *, const T1 *, int, float, float, float)"
0.3,26863321,10868,2471.8,2464.0,2239,3552,128.4,kernel_cutlass_kernel_vllmmodel_executorkernelslinearcute_dsl_ll_bf16_dotprodLLBf16Dotprod_object_at__tensorptrbf16gmemalign16o26144i64div81_tensorptrbf16gmemalign16o6144i64div81_tensorpt_0
0.3,23810430,11613,2050.3,1984.0,1568,3040,197.7,"void vllm::concat_and_cache_mla_kernel<__nv_bfloat16, __nv_bfloat16, (vllm::Fp8KVCacheDataType)0>(const T1 *, const T1 *, T2 *, const long *, int, int, int, int, int, int, int, const float *)"
0.3,22859808,429,53286.3,53184.0,51776,55616,634.3,nvjet_sm103_tst_128x8_64x12_4x1_v_bz_splitK_TNT
0.3,22454720,3146,7137.5,6912.0,6560,8704,443.2,nvjet_sm103_tst_32x64_64x16_4x1_v_bz_TNN
0.3,20990816,11613,1807.5,1760.0,1440,2560,124.6,_convert_req_index_to_global_index_kernel
0.2,20292960,11613,1747.4,1728.0,1472,2880,161.1,"void vllm::ConcatMLAQKernel<c10::BFloat16, (int)512>(T1 *, const T1 *, const T1 *, int, int, long, long, long, long, long, long)"
0.2,17880192,143,125036.3,127040.0,104384,130976,4671.8,bmm_Bfloat16_Bfloat16Bfloat16_Fp32_t128x8x128u2_s6_et128x8_m128x8x16_c1x1x1_rM_BN_transOut_schPd2x1x2x3_bN_ldgsts_ldgstsSf_rgTma_clmp_swiGlu_dynB_sm100f
0.2,17086112,11319,1509.5,1440.0,1184,2432,137.3,"void at::native::vectorized_elementwise_kernel<(int)8, at::native::CUDAFunctor_add<c10::BFloat16>, std::array<char *, (unsigned long)3>>(int, T2, T3)"
0.2,16814973,11025,1525.2,1504.0,1088,5056,274.8,_pack_topk_ids_weights_kernel
0.2,16218112,11025,1471.0,1440.0,1056,4512,280.0,"void vllm::cvt_fp16_to_fp4_sf_major<__nv_bfloat16, (bool)0>(int, int, int, int, int, const T1 *, const float *, unsigned int *, unsigned int *)"
0.2,16125024,3146,5125.6,5120.0,4416,6272,227.0,"void deep_gemm::sm100_paged_mqa_logits<(unsigned int)1, (unsigned int)32, (unsigned int)128, (unsigned int)64, (bool)0, (bool)1, (bool)1, (unsigned int)3, (unsigned int)5, (unsigned int)256, (unsigned int)16, (unsigned int)128, (unsigned int)256, cutlass::float_e4m3_t, float, float, (unsigned int)2>(unsigned int, unsigned int, unsigned int, const unsigned int *, T15 *, const unsigned int *, const unsigned int *, const unsigned int *, CUtensorMap_st, CUtensorMap_st, CUtensorMap_st, CUtensorMap_st, CUtensorMap_st)"
0.2,16055493,11315,1419.0,1216.0,704,8480,680.1,"void at::native::unrolled_elementwise_kernel<at::native::direct_copy_kernel_cuda(at::TensorIteratorBase &)::[lambda() (instance 3)]::operator ()() const::[lambda() (instance 3)]::operator ()() const::[lambda(int) (instance 1)], std::array<char *, (unsigned long)2>, (int)4, TrivialOffsetCalculator<(int)1, unsigned int>, TrivialOffsetCalculator<(int)1, unsigned int>, at::native::memory::LoadWithCast<(int)1>, at::native::memory::StoreWithCast<(int)1>>(int, T1, T2, T4, T5, T6, T7)"
0.2,14819264,11172,1326.5,1312.0,832,2336,97.0,"void at::native::vectorized_elementwise_kernel<(int)8, at::native::AUnaryFunctor<c10::BFloat16, c10::BFloat16, c10::BFloat16, at::native::binary_internal::MulFunctor<float>>, std::array<char *, (unsigned long)2>>(int, T2, T3)"
0.1,12426240,3146,3949.9,3936.0,3488,4864,171.0,void cutlass::Kernel2<cutlass_80_tensorop_s16816gemm_bf16_64x64_64x6_tn_align8>(T1::Params)
0.1,10804895,249,43393.2,44160.0,28352,45888,3345.4,nvjet_sm103_tst_128x56_64x9_4x1_v_bz_splitK_TNT
0.1,9358528,3234,2893.8,2944.0,2432,3520,190.6,"void at::native::<unnamed>::vectorized_layer_norm_kernel<float, float, (bool)0>(int, T2, const T1 *, const T1 *, const T1 *, T2 *, T2 *, T1 *)"
0.1,8986336,143,62841.5,63680.0,52224,66016,2715.5,bmm_Bfloat16_Bfloat16Bfloat16_Fp32_t128x8x128_s6_et128x8_m128x8x16_c1x1x1_rM_BN_transOut_schPd2x1x2x3_bN_rgTma_clmp_dynB_sm100f
0.1,6922400,3234,2140.5,2080.0,1760,3136,183.6,"void vllm::indexer_k_quant_and_cache_kernel<__nv_bfloat16, unsigned char, (vllm::Fp8KVCacheDataType)1>(const T1 *, T2 *, const long *, int, int, int, long, bool)"
0.1,6307007,3234,1950.2,1856.0,1632,4064,309.4,"void at::native::elementwise_kernel<(int)128, (int)4, void at::native::gpu_kernel_impl<at::native::direct_copy_kernel_cuda(at::TensorIteratorBase &)::[lambda() (instance 3)]::operator ()() const::[lambda() (instance 7)]::operator ()() const::[lambda(float) (instance 1)]>(at::TensorIteratorBase &, const T1 &)::[lambda(int) (instance 1)]>(int, T3)"
0.1,5886592,3234,1820.2,1792.0,1472,3584,198.9,_fused_indexer_q_rope_quant_kernel
0.1,5561184,3146,1767.7,1792.0,1536,2240,89.0,"void cublasLt::splitKreduce_kernel<(int)32, (int)16, int, float, __nv_bfloat16, float, __nv_bfloat16, (bool)0, __nv_bfloat16, __nv_bfloat16, __nv_bfloat16, (bool)1, (bool)0, (bool)0, (bool)0>(cublasLt::cublasSplitKParams<T6>, const T4 *, const T10 *, T9 *, T5 *, const T6 *, const T6 *, const T11 *, const T4 *, T11 *, void *, long, T6 *, int *, T6 *, T6 *, const T6 *, const T6 *, const T6 *, const T6 *, const T6 *)"
0.1,5134784,4,1283696.0,1266976.0,1254944,1345888,42679.7,bmm_Bfloat16_Bfloat16Bfloat16_Fp32_t128x32x128_s4_et128x32_m128x32x16_c1x1x1_rM_BN_transOut_schPd2x1x2x3_bN_ldgsts_ldgstsSf_rgTma_clmp_swiGlu_dynB_sm100f
0.1,4970496,392,12679.8,13568.0,6752,85696,5111.1,nvjet_sm103_tst_64x32_64x16_2x2_2cta_h_bz_TNT
0.1,4817824,3234,1489.7,1472.0,1120,2304,159.5,"void at::native::<unnamed>::CatArrayBatchedCopy<at::native::<unnamed>::OpaqueType<(unsigned int)2>, unsigned int, (int)2, (int)64, (int)64>(T1 *, at::native::<unnamed>::CatArrInputTensorMetadata<T1, T2, T4, T5>, at::native::<unnamed>::TensorSizeStride<T2, (unsigned int)4>, int, T2)"
0.0,3804448,3234,1176.4,1216.0,640,1728,176.6,"void at::native::vectorized_elementwise_kernel<(int)8, at::native::bfloat16_copy_kernel_cuda(at::TensorIteratorBase &)::[lambda(float) (instance 1)], std::array<char *, (unsigned long)2>>(int, T2, T3)"
0.0,3725888,237,15721.0,15712.0,14496,16864,368.9,nvjet_sm103_tst_128x56_64x9_4x1_v_bz_TNT
0.0,3638656,83,43839.2,44640.0,28896,46336,3409.8,nvjet_sm103_tst_128x64_64x9_4x1_v_bz_splitK_TNT
0.0,3502101,4121,849.8,832.0,575,1888,135.9,"void at::native::vectorized_elementwise_kernel<(int)4, at::native::FillFunctor<int>, std::array<char *, (unsigned long)1>>(int, T2, T3)"
0.0,3473056,3146,1104.0,1088.0,896,1984,141.2,void vllm::cooperative::cooperative_topk_cs16<(unsigned int)2048>(vllm::cooperative::CooperativeTopKParams<T1>)
0.0,3309824,316,10474.1,10464.0,9632,11360,260.1,nvjet_sm103_tst_64x32_64x16_2x2_2cta_h_bz_splitK_TNT
0.0,2912032,437,6663.7,7232.0,4800,8128,1105.2,"void at::native::index_elementwise_kernel<(int)128, (int)4, void at::native::gpu_index_kernel<void at::native::index_kernel_impl<at::native::OpaqueType<(int)2>>(at::TensorIteratorBase &, c10::ArrayRef<long>, c10::ArrayRef<long>)::[lambda(char *, const char *, long) (instance 1)]>(at::TensorIteratorBase &, c10::ArrayRef<long>, c10::ArrayRef<long>, const T1 &, bool)::[lambda(int) (instance 1)]>(long, T3)"
0.0,2685883,604,4446.8,4480.0,3072,8480,525.1,"void moe::dev::routing::routingCustom::routingIndicesClusterKernel<moe::dev::routing::routingCustom::KernelParams<__nv_bfloat16, __nv_bfloat16, (int)256, (int)8, moe::dev::routing::TopKExpertSelect<moe::dev::routing::NoOpPreprocess, moe::dev::routing::SoftmaxPostprocess>>, (int)256>(T1)"
0.0,2592448,4,648112.0,639760.0,633600,679328,21283.0,bmm_Bfloat16_Bfloat16Bfloat16_Fp32_t128x32x128_s5_et128x32_m128x32x16_c1x1x1_rM_BN_transOut_schPd2x1x2x3_bN_rgTma_clmp_dynB_sm100f
0.0,2581440,304,8491.6,8224.0,7552,19712,1211.5,nvjet_sm103_tst_48x64_64x15_4x1_v_bz_TNN
0.0,2347744,290,8095.7,8032.0,7360,9184,387.7,"void at::native::reduce_kernel<(int)512, (int)1, at::native::ReduceOp<float, at::native::ArgMaxOps<float>, unsigned int, long, (int)4, (int)4>>(T3)"
0.0,1704096,304,5605.6,5312.0,4864,7584,621.1,nvjet_sm103_tss_64x8_64x16_2x4_h_bz_splitK_TNT
0.0,1603616,237,6766.3,6784.0,5984,7904,260.9,nvjet_sm103_tst_256x56_64x5_2x1_v_bz_NNT
0.0,1520896,304,5002.9,4960.0,2528,7648,724.6,"void moe::dev::routing::routingCustom::routingIndicesBlockScoresKernel<moe::dev::routing::routingCustom::KernelParams<float, __nv_bfloat16, (int)256, (int)8, moe::dev::routing::TopKExpertSelect<moe::dev::routing::SigmoidBiasPreprocess, moe::dev::routing::ScaledSumNormalizePostprocess>>>(T1)"
0.0,1500160,237,6329.8,6304.0,6080,7264,177.7,nvjet_sm103_tst_128x56_64x9_2x1_v_bz_TNT
0.0,1471424,304,4840.2,4832.0,4448,7648,355.1,"void moe::dev::finalize::finalizeKernelVecLoad<moe::dev::finalize::KernelParams<cutlass::bfloat16_t, cutlass::bfloat16_t, (int)4, (bool)1>>(T1)"
0.0,1376480,147,9363.8,9344.0,8480,10336,408.1,"void at::native::reduce_kernel<(int)512, (int)1, at::native::ReduceOp<c10::BFloat16, at::native::ArgMaxOps<float>, unsigned int, long, (int)4, (int)4>>(T3)"
0.0,1368416,304,4501.4,4448.0,2112,6752,596.7,"void cublasLt::splitKreduce_kernel<(int)32, (int)16, int, float, float, float, float, (bool)0, float, float, float, (bool)1, (bool)0, (bool)0, (bool)0>(cublasLt::cublasSplitKParams<T6>, const T4 *, const T10 *, T9 *, T5 *, const T6 *, const T6 *, const T11 *, const T4 *, T11 *, void *, long, T6 *, int *, T6 *, T6 *, const T6 *, const T6 *, const T6 *, const T6 *, const T6 *)"
0.0,1328960,858,1548.9,1568.0,1088,1984,188.3,"void compute_cuda_kernel<int>(const T1 *, const long *, T1 *, long, long)"
0.0,1315392,858,1533.1,1536.0,1120,2144,226.8,"void at_cuda_detail::cub::detail::scan::DeviceScanKernel<at_cuda_detail::cub::detail::scan::policy_hub<long, long, long, unsigned int, std::plus<long>>::Policy1000, const long *, long *, at_cuda_detail::cub::ScanTileState<long, (bool)1>, std::plus<long>, at_cuda_detail::cub::NullType, unsigned int, long, (bool)0, at_cuda_detail::cub::NullType>(T2, T3, T4, int, T5, T6, T7)"
0.0,1258912,1005,1252.6,1312.0,768,1856,161.2,"void at::native::vectorized_elementwise_kernel<(int)4, at::native::CUDAFunctor_add<int>, std::array<char *, (unsigned long)3>>(int, T2, T3)"
0.0,1245216,79,15762.2,15712.0,14336,16800,448.6,nvjet_sm103_tst_128x64_64x8_4x1_v_bz_TNT
0.0,1054080,572,1842.8,1920.0,1120,2784,372.3,"void at::native::<unnamed>::indexSelectSmallIndex<int, int, unsigned int, (int)1, (int)1, (int)-2>(at::cuda::detail::TensorInfo<T1, T3>, at::cuda::detail::TensorInfo<const T1, T3>, at::cuda::detail::TensorInfo<const T2, T3>, int, int, T3, long)"
0.0,981056,286,3430.3,3456.0,2432,4832,513.0,"void at::native::<unnamed>::indexSelectSmallIndex<c10::BFloat16, long, unsigned int, (int)2, (int)2, (int)-2>(at::cuda::detail::TensorInfo<T1, T3>, at::cuda::detail::TensorInfo<const T1, T3>, at::cuda::detail::TensorInfo<const T2, T3>, int, int, T3, long)"
0.0,737792,286,2579.7,2560.0,2496,2880,76.0,"void deep_gemm::sched::sm100_paged_mqa_logits_metadata<(unsigned int)1, (bool)1, (bool)1, (unsigned int)1, (unsigned int)256, (unsigned int)152>(unsigned int, unsigned int, const unsigned int *, const unsigned int *, unsigned int *)"
0.0,716512,286,2505.3,2464.0,2240,3104,151.7,"void at::native::<unnamed>::indexSelectSmallIndex<int, int, unsigned int, (int)2, (int)2, (int)-2>(at::cuda::detail::TensorInfo<T1, T3>, at::cuda::detail::TensorInfo<const T1, T3>, at::cuda::detail::TensorInfo<const T2, T3>, int, int, T3, long)"
0.0,643136,858,749.6,736.0,512,1184,129.9,"void at_cuda_detail::cub::detail::scan::DeviceScanInitKernel<at_cuda_detail::cub::ScanTileState<long, (bool)1>>(T1, int)"
0.0,558112,88,6342.2,6432.0,4896,7680,617.0,nvjet_sm103_tst_64x8_64x16_1x4_h_bz_splitK_TNT
0.0,533856,286,1866.6,1856.0,1536,2432,154.3,"void at::native::_scatter_gather_elementwise_kernel<(int)128, (int)8, void at::native::_cuda_scatter_gather_internal_kernel<(bool)1, at::native::OpaqueType<(int)4>, long>::operator ()<at::native::TensorAssign>(at::TensorIterator &, long, long, long, const T1 &)::[lambda(int) (instance 1)]>(int, T3)"
0.0,518016,79,6557.2,6592.0,5792,7168,269.1,nvjet_sm103_tst_256x64_64x5_2x1_2cta_v_bz_NNT
0.0,506400,429,1180.4,1216.0,832,1664,209.5,"void at::native::vectorized_elementwise_kernel<(int)4, at::native::CUDAFunctorOnSelf_add<int>, std::array<char *, (unsigned long)2>>(int, T2, T3)"
0.0,491968,79,6227.4,6208.0,6016,7008,160.8,nvjet_sm103_tst_128x64_64x10_2x1_2cta_v_bz_TNT
0.0,490144,9,54460.4,54496.0,53824,55008,406.5,nvjet_sm103_tst_192x56_64x6_4x1_v_bz_TNT
0.0,431136,147,2932.9,2880.0,2784,3552,103.4,_compute_slot_mapping_kernel
0.0,377792,147,2570.0,2496.0,2400,3776,204.2,"void at::native::elementwise_kernel<(int)128, (int)4, void at::native::gpu_kernel_impl_nocast<at::native::<unnamed>::where_kernel_impl(at::TensorIterator &)::[lambda() (instance 1)]::operator ()() const::[lambda() (instance 2)]::operator ()() const::[lambda(bool, unsigned short, unsigned short) (instance 1)]>(at::TensorIteratorBase &, const T1 &)::[lambda(int) (instance 1)]>(int, T3)"
0.0,333440,286,1165.9,1200.0,1024,2080,133.4,"void at::native::unrolled_elementwise_kernel<at::native::CUDAFunctor_add<int>, std::array<char *, (unsigned long)3>, (int)4, TrivialOffsetCalculator<(int)2, unsigned int>, TrivialOffsetCalculator<(int)1, unsigned int>, at::native::memory::LoadWithoutCast, at::native::memory::StoreWithoutCast>(int, T1, T2, T4, T5, T6, T7)"
0.0,331008,88,3761.5,3712.0,3520,4320,151.0,"void deep_gemm::sm100_mqa_logits<(unsigned int)32, (unsigned int)128, (bool)0, (bool)0, (unsigned int)4, (unsigned int)256, (unsigned int)3, (unsigned int)5, (unsigned int)152, (unsigned int)128, (unsigned int)256, cutlass::float_e4m3_t, float, float, (unsigned int)2>(unsigned int, unsigned int, unsigned int, const unsigned int *, const unsigned int *, T13 *, CUtensorMap_st, CUtensorMap_st, CUtensorMap_st, CUtensorMap_st, CUtensorMap_st)"
0.0,311936,286,1090.7,1088.0,1024,1312,45.6,"void at::native::vectorized_elementwise_kernel<(int)2, at::native::FillFunctor<int>, std::array<char *, (unsigned long)1>>(int, T2, T3)"
0.0,302464,147,2057.6,2016.0,1824,2304,88.6,eagle_prepare_next_token_padded_kernel
0.0,290336,143,2030.3,1952.0,1600,2528,251.5,rejection_greedy_sample_kernel
0.0,280256,143,1959.8,1952.0,1824,2208,96.9,triton_poi_fused_add_bitwise_and_clamp_copy__ge_gt_index_where_0
0.0,265760,151,1760.0,1600.0,1504,3488,395.4,"void at::native::vectorized_gather_kernel<(int)16, long>(char *, char *, T2 *, int, long, long, long, long, bool)"
0.0,258080,88,2932.7,2912.0,2688,3424,158.7,"void vllm::cp_gather_indexer_k_quant_cache_kernel<(int)2>(const char *, char *, char *, const int *, const int *, int, long, long, long, long, long, int, int, int)"
0.0,242912,147,1652.5,1632.0,1504,1984,99.2,"void at::native::vectorized_elementwise_kernel<(int)2, at::native::CUDAFunctor_add<long>, std::array<char *, (unsigned long)3>>(int, T2, T3)"
0.0,205600,143,1437.8,1376.0,1312,1888,151.6,eagle_prepare_inputs_padded_kernel
0.0,184448,147,1254.7,1216.0,1184,1472,74.7,"void at::native::vectorized_elementwise_kernel<(int)4, at::native::<unnamed>::launch_clamp_scalar(at::TensorIteratorBase &, c10::Scalar, c10::Scalar, at::native::detail::ClampLimits)::[lambda() (instance 1)]::operator ()() const::[lambda() (instance 3)]::operator ()() const::[lambda(int) (instance 1)], std::array<char *, (unsigned long)2>>(int, T2, T3)"
0.0,170592,147,1160.5,1120.0,1088,1440,85.2,"void at::native::vectorized_elementwise_kernel<(int)8, at::native::AUnaryFunctor<long, long, bool, at::native::<unnamed>::CompareEqFunctor<long>>, std::array<char *, (unsigned long)2>>(int, T2, T3)"
0.0,168768,147,1148.1,1120.0,1120,1920,121.2,"void at::native::<unnamed>::CatArrayBatchedCopy_vectorized<at::native::<unnamed>::OpaqueType<(unsigned int)2>, unsigned int, (int)2, (int)128, (int)1, (int)16, (int)8>(char *, at::native::<unnamed>::CatArrInputTensorMetadata<T1, T2, T4, T5>, at::native::<unnamed>::TensorSizeStride<T2, (unsigned int)4>, int, T2)"
0.0,165984,88,1886.2,1888.0,1728,2336,76.6,"void vllm::topKPerRowPrefill<(int)512, (bool)0>(const float *, const int *, const int *, int *, int, int, int, int)"
0.0,162176,3,54058.7,54016.0,53600,54560,481.4,nvjet_sm103_tst_192x64_64x6_4x1_v_bz_TNT
0.0,73312,148,495.4,480.0,448,992,82.9,"void at::native::vectorized_elementwise_kernel<(int)8, at::native::FillFunctor<c10::BFloat16>, std::array<char *, (unsigned long)1>>(int, T2, T3)"
0.0,13472,8,1684.0,1664.0,1536,1888,105.4,"void at_cuda_detail::cub::detail::scan::DeviceScanKernel<at_cuda_detail::cub::detail::scan::policy_hub<int, int, int, unsigned int, std::plus<int>>::Policy1000, const int *, int *, at_cuda_detail::cub::ScanTileState<int, (bool)1>, std::plus<int>, at_cuda_detail::cub::NullType, unsigned int, int, (bool)0, at_cuda_detail::cub::NullType>(T2, T3, T4, int, T5, T6, T7)"
0.0,13408,8,1676.0,1664.0,1472,1856,119.7,kernel
0.0,10944,8,1368.0,1408.0,1248,1536,107.8,"void at::native::unrolled_elementwise_kernel<at::native::CUDAFunctorOnSelf_add<int>, std::array<char *, (unsigned long)2>, (int)4, TrivialOffsetCalculator<(int)1, unsigned int>, TrivialOffsetCalculator<(int)1, unsigned int>, at::native::memory::LoadWithoutCast, at::native::memory::StoreWithoutCast>(int, T1, T2, T4, T5, T6, T7)"
0.0,9440,8,1180.0,1184.0,1152,1216,20.5,"void at::native::elementwise_kernel<(int)128, (int)2, void at::native::gpu_kernel_impl_nocast<at::native::CUDAFunctor_add<int>>(at::TensorIteratorBase &, const T1 &)::[lambda(int) (instance 1)]>(int, T3)"
0.0,7744,8,968.0,912.0,896,1088,91.7,"void at_cuda_detail::cub::detail::scan::DeviceScanInitKernel<at_cuda_detail::cub::ScanTileState<int, (bool)1>>(T1, int)"
0.0,960,1,960.0,960.0,960,960,0.0,"void at::native::vectorized_elementwise_kernel<(int)8, at::native::FillFunctor<short>, std::array<char *, (unsigned long)1>>(int, T2, T3)"
